"sensor","time","alert_event","action_taken","y","x"
8,1,"False","False",0.446137525993122,-1.81951566099817
8,2,"False","False",0.446137525993122,-1.81951566099817
8,3,"False","False",0.4323847423208,-1.81951566099817
8,4,"False","False",0.418631958648478,-1.8557705737509
8,5,"False","False",0.418631958648478,-1.8557705737509
8,6,"False","False",0.418631958648478,-1.8557705737509
8,7,"False","False",0.404879174976156,-1.8557705737509
8,8,"False","False",0.391126391303834,-1.87994051558605
8,9,"False","False",0.391126391303834,-1.87994051558605
8,10,"False","False",0.377373607631511,-1.87994051558605
8,11,"False","False",0.36362082395919,-1.87994051558605
8,12,"False","False",0.36362082395919,-1.7590908064103
8,13,"False","False",0.349868040286868,-1.7590908064103
8,14,"False","False",0.336115256614545,-1.7590908064103
8,15,"False","False",0.336115256614545,-1.7590908064103
8,16,"False","False",0.336115256614545,-1.52947635897637
8,17,"False","False",0.322362472942223,-1.52947635897637
8,18,"False","False",0.322362472942223,-1.52947635897637
8,19,"False","False",0.308609689269901,-1.52947635897637
8,20,"False","False",0.308609689269901,-1.43279659163577
8,21,"False","False",0.29485690559758,-1.43279659163577
8,22,"False","False",0.29485690559758,-1.43279659163577
8,23,"False","False",0.29485690559758,-1.43279659163577
8,24,"False","False",0.29485690559758,-1.16692723144911
8,25,"False","False",0.281104121925257,-1.16692723144911
8,26,"False","False",0.281104121925257,-1.16692723144911
8,27,"False","False",0.267351338252935,-1.16692723144911
8,28,"False","False",0.267351338252935,-1.28777694062487
8,29,"False","False",0.267351338252935,-1.28777694062487
8,30,"False","False",0.253598554580612,-1.28777694062487
8,31,"False","False",0.253598554580612,-1.28777694062487
8,32,"False","False",0.23984577090829,-1.37237173704789
8,33,"False","False",0.23984577090829,-1.37237173704789
8,34,"False","False",0.23984577090829,-1.37237173704789
8,35,"False","False",0.226092987235969,-1.37237173704789
8,36,"False","False",0.226092987235969,-1.38445670796547
8,37,"False","False",0.212340203563647,-1.38445670796547
8,38,"False","False",0.212340203563647,-1.38445670796547
8,39,"False","False",0.198587419891324,-1.38445670796547
8,40,"False","False",0.198587419891324,-1.43279659163577
8,41,"False","False",0.198587419891324,-1.43279659163577
8,42,"False","False",0.184834636219002,-1.43279659163577
8,43,"False","False",0.17108185254668,-1.43279659163577
8,44,"False","False",0.17108185254668,-1.45696653347092
8,45,"False","False",0.17108185254668,-1.45696653347092
8,46,"False","False",0.17108185254668,-1.45696653347092
8,47,"False","False",0.157329068874358,-1.45696653347092
8,48,"False","False",0.157329068874358,-1.51739138805879
8,49,"False","False",0.157329068874358,-1.51739138805879
8,50,"False","False",0.143576285202036,-1.51739138805879
8,51,"False","False",0.143576285202036,-1.51739138805879
8,52,"False","False",0.129823501529714,-1.51739138805879
8,53,"False","False",0.129823501529714,-1.54156132989394
8,54,"False","False",0.129823501529714,-1.54156132989394
8,55,"False","False",0.129823501529714,-1.54156132989394
8,56,"False","False",0.116070717857391,-1.54156132989394
8,57,"False","False",0.116070717857391,-1.49322144622364
8,58,"False","False",0.116070717857391,-1.49322144622364
8,59,"False","False",0.102317934185069,-1.49322144622364
8,60,"False","False",0.102317934185069,-1.56573127172909
8,61,"False","False",0.0885651505127478,-1.56573127172909
8,62,"False","False",0.0885651505127478,-1.56573127172909
8,63,"False","False",0.0885651505127478,-1.56573127172909
8,64,"False","False",0.0748123668404255,-1.56573127172909
8,65,"False","False",0.0748123668404255,-1.56573127172909
8,66,"False","False",0.0610595831681032,-1.56573127172909
8,67,"False","False",0.0610595831681032,-1.56573127172909
8,68,"False","False",0.0610595831681032,-1.57781624264667
8,69,"False","False",0.0473067994957809,-1.57781624264667
8,70,"False","False",0.0473067994957809,-1.57781624264667
8,71,"False","False",0.0473067994957809,-1.57781624264667
8,72,"False","False",0.0335540158234586,-1.60198618448182
8,73,"False","False",0.0335540158234586,-1.60198618448182
8,74,"False","False",0.0335540158234586,-1.60198618448182
8,75,"False","False",0.0198012321511372,-1.60198618448182
8,76,"False","False",0.0198012321511372,-1.63824109723455
8,77,"False","False",0.0060484484788149,-1.63824109723455
8,78,"False","False",0.0060484484788149,-1.63824109723455
8,79,"False","False",0.0060484484788149,-1.63824109723455
8,80,"False","False",-0.0077043351935073,-1.6624110390697
8,81,"False","False",-0.0077043351935073,-1.6624110390697
8,82,"False","False",-0.0214571188658296,-1.6624110390697
8,83,"False","False",-0.0214571188658296,-1.6624110390697
8,84,"False","False",-0.0214571188658296,-1.63824109723455
8,85,"False","False",-0.0352099025381519,-1.63824109723455
8,86,"False","False",-0.0352099025381519,-1.63824109723455
8,87,"False","False",-0.0352099025381519,-1.63824109723455
8,88,"False","False",-0.0489626862104732,-1.60198618448182
8,89,"False","False",-0.0489626862104732,-1.60198618448182
8,90,"False","False",-0.0489626862104732,-1.60198618448182
8,91,"False","False",-0.0627154698827955,-1.60198618448182
8,92,"False","False",-0.0627154698827955,-1.61407115539939
8,93,"False","False",-0.0627154698827955,-1.61407115539939
8,94,"False","False",-0.0764682535551178,-1.61407115539939
8,95,"False","False",-0.0764682535551178,-1.61407115539939
8,96,"False","False",-0.0902210372274401,-1.57781624264667
8,97,"False","False",-0.103973820899762,-1.57781624264667
8,98,"False","False",-0.103973820899762,-1.57781624264667
8,99,"False","False",-0.117726604572084,-1.57781624264667
8,100,"False","False",-0.117726604572084,-1.56573127172909
8,101,"False","False",-0.131479388244406,-1.56573127172909
8,102,"False","False",-0.131479388244406,-1.56573127172909
8,103,"False","False",-0.131479388244406,-1.56573127172909
8,104,"False","False",-0.145232171916728,-1.55364630081152
8,105,"False","False",-0.145232171916728,-1.55364630081152
8,106,"False","False",-0.145232171916728,-1.55364630081152
8,107,"False","False",-0.158984955589051,-1.55364630081152
8,108,"False","False",-0.158984955589051,-1.65032606815212
8,109,"False","False",-0.172737739261373,-1.65032606815212
8,110,"False","False",-0.172737739261373,-1.65032606815212
8,111,"False","False",-0.186490522933694,-1.65032606815212
8,112,"False","False",-0.186490522933694,-1.73492086457515
8,113,"False","False",-0.200243306606017,-1.73492086457515
8,114,"False","False",-0.200243306606017,-1.73492086457515
8,115,"False","False",-0.186490522933694,-1.73492086457515
8,116,"False","False",-0.186490522933694,-1.73492086457515
8,117,"False","False",-0.186490522933694,-1.73492086457515
8,118,"False","False",-0.186490522933694,-1.73492086457515
8,119,"False","False",-0.200243306606017,-1.73492086457515
8,120,"False","False",-0.200243306606017,-1.74700583549272
8,121,"False","False",-0.200243306606017,-1.74700583549272
8,122,"False","False",-0.200243306606017,-1.74700583549272
8,123,"False","False",-0.186490522933694,-1.74700583549272
8,124,"False","False",-0.186490522933694,-1.55364630081152
8,125,"False","False",-0.200243306606017,-1.55364630081152
8,126,"False","False",-0.200243306606017,-1.55364630081152
8,127,"False","False",-0.200243306606017,-1.55364630081152
8,128,"False","False",-0.186490522933694,-1.32403185337759
8,129,"False","False",-0.200243306606017,-1.32403185337759
8,130,"False","False",-0.213996090278339,-1.32403185337759
8,131,"False","False",-0.213996090278339,-1.32403185337759
8,132,"False","False",-0.213996090278339,-1.29986191154244
8,133,"False","False",-0.227748873950661,-1.29986191154244
8,134,"False","False",-0.241501657622984,-1.29986191154244
8,135,"False","False",-0.241501657622984,-1.29986191154244
8,136,"False","False",-0.255254441295305,-1.43279659163577
8,137,"False","False",-0.255254441295305,-1.43279659163577
8,138,"False","False",-0.255254441295305,-1.43279659163577
8,139,"False","False",-0.269007224967627,-1.43279659163577
8,140,"False","False",-0.269007224967627,-1.54156132989394
8,141,"False","False",-0.269007224967627,-1.54156132989394
8,142,"False","False",-0.28276000863995,-1.54156132989394
8,143,"False","False",-0.28276000863995,-1.54156132989394
8,144,"False","False",-0.296512792312272,-1.65032606815212
8,145,"False","False",-0.296512792312272,-1.65032606815212
8,146,"False","False",-0.310265575984594,-1.65032606815212
8,147,"False","False",-0.310265575984594,-1.65032606815212
8,148,"False","False",-0.324018359656915,-1.65032606815212
8,149,"False","False",-0.324018359656915,-1.7590908064103
8,150,"False","False",-0.324018359656915,-1.7590908064103
8,151,"False","False",-0.337771143329238,-1.7590908064103
8,152,"False","False",-0.337771143329238,-1.7590908064103
8,153,"False","False",-0.35152392700156,-1.79534571916302
8,154,"False","False",-0.35152392700156,-1.79534571916302
8,155,"False","False",-0.35152392700156,-1.79534571916302
8,156,"False","False",-0.365276710673882,-1.86785554466847
8,157,"False","False",-0.365276710673882,-1.86785554466847
8,158,"False","False",-0.365276710673882,-1.86785554466847
8,159,"False","False",-0.379029494346205,-1.86785554466847
8,160,"False","False",-0.379029494346205,-1.92828039925635
8,161,"False","False",-0.379029494346205,-1.92828039925635
8,162,"False","False",-0.392782278018526,-1.92828039925635
8,163,"False","False",-0.406535061690848,-1.92828039925635
8,164,"False","False",-0.406535061690848,-2.03704513751452
8,165,"False","False",-0.42028784536317,-2.03704513751452
8,166,"False","False",-0.42028784536317,-2.03704513751452
8,167,"False","False",-0.434040629035493,-2.03704513751452
8,168,"False","False",-0.434040629035493,-2.08538502118483
8,169,"False","False",-0.447793412707815,-2.08538502118483
8,170,"False","False",-0.447793412707815,-2.08538502118483
8,171,"False","False",-0.447793412707815,-2.08538502118483
8,172,"False","False",-0.461546196380136,-2.25457461403088
8,173,"False","False",-0.461546196380136,-2.25457461403088
8,174,"False","False",-0.475298980052459,-2.25457461403088
8,175,"False","False",-0.489051763724781,-2.25457461403088
8,176,"False","False",-0.489051763724781,-2.25457461403088
8,177,"False","False",-0.489051763724781,-2.3391694104539
8,178,"False","False",-0.502804547397103,-2.3391694104539
8,179,"False","False",-0.502804547397103,-2.3391694104539
8,180,"False","False",-0.516557331069426,-2.3875092941242
8,181,"False","False",-0.530310114741747,-2.3875092941242
8,182,"False","False",-0.544062898414069,-2.3875092941242
8,183,"False","False",-0.544062898414069,-2.3875092941242
8,184,"False","False",-0.557815682086392,-2.42376420687693
8,185,"False","False",-0.571568465758714,-2.42376420687693
8,186,"False","False",-0.571568465758714,-2.42376420687693
8,187,"False","False",-0.585321249431036,-2.42376420687693
8,188,"False","False",-0.585321249431036,-2.37542432320663
8,189,"False","False",-0.599074033103358,-2.37542432320663
8,190,"False","False",-0.599074033103358,-2.37542432320663
8,191,"False","False",-0.599074033103358,-2.37542432320663
8,192,"False","False",-0.61282681677568,-2.35125438137148
8,193,"False","False",-0.61282681677568,-2.35125438137148
8,194,"False","False",-0.626579600448002,-2.35125438137148
8,195,"False","False",-0.640332384120324,-2.35125438137148
8,196,"False","False",-0.640332384120324,-2.42376420687693
8,197,"False","False",-0.654085167792647,-2.42376420687693
8,198,"False","False",-0.654085167792647,-2.42376420687693
8,199,"False","False",-0.654085167792647,-2.42376420687693
8,200,"False","False",-0.667837951464968,-2.50835900329996
8,201,"False","False",-0.667837951464968,-2.50835900329996
8,202,"False","False",-0.667837951464968,-2.50835900329996
8,203,"False","False",-0.68159073513729,-2.50835900329996
8,204,"False","False",-0.68159073513729,-2.4358491777945
8,205,"False","False",-0.68159073513729,-2.4358491777945
8,206,"False","False",-0.695343518809613,-2.4358491777945
8,207,"False","False",-0.695343518809613,-2.4358491777945
8,208,"False","False",-0.695343518809613,-2.3391694104539
8,209,"False","False",-0.695343518809613,-2.3391694104539
8,210,"False","False",-0.640332384120324,-2.3391694104539
8,211,"False","False",-0.585321249431036,-2.3391694104539
8,212,"False","False",-0.544062898414069,-2.20623473036058
8,213,"False","False",-0.516557331069426,-2.20623473036058
8,214,"False","False",-0.489051763724781,-2.20623473036058
8,215,"False","False",-0.475298980052459,-2.20623473036058
8,216,"False","False",-0.461546196380136,-2.16997981760785
8,217,"False","False",-0.447793412707815,-2.16997981760785
8,218,"False","False",-0.42028784536317,-2.16997981760785
8,219,"False","False",-0.406535061690848,-2.16997981760785
8,220,"False","False",-0.392782278018526,-2.0974699921024
8,221,"False","False",-0.379029494346205,-2.0974699921024
8,222,"False","False",-0.35152392700156,-2.0974699921024
8,223,"False","False",-0.337771143329238,-2.0974699921024
8,224,"False","False",-0.310265575984594,-2.02496016659695
8,225,"False","False",-0.28276000863995,-2.02496016659695
8,226,"False","False",-0.269007224967627,-2.02496016659695
8,227,"False","False",-0.310265575984594,-2.02496016659695
8,228,"False","False",-0.379029494346205,-2.0007902247618
8,229,"False","False",-0.406535061690848,-2.0007902247618
8,230,"False","False",-0.447793412707815,-2.0007902247618
8,231,"False","False",-0.461546196380136,-2.0007902247618
8,232,"False","False",-0.489051763724781,-2.03704513751452
8,233,"False","False",-0.502804547397103,-2.03704513751452
8,234,"False","False",-0.516557331069426,-2.03704513751452
8,235,"False","False",-0.530310114741747,-2.03704513751452
8,236,"False","False",-0.544062898414069,-2.18206478852543
8,237,"False","False",-0.557815682086392,-2.18206478852543
8,238,"False","False",-0.557815682086392,-2.18206478852543
8,239,"False","False",-0.571568465758714,-2.18206478852543
8,240,"False","False",-0.585321249431036,-2.41167923595935
8,241,"False","False",-0.585321249431036,-2.41167923595935
8,242,"False","False",-0.599074033103358,-2.41167923595935
8,243,"False","False",-0.61282681677568,-2.41167923595935
8,244,"False","False",-0.61282681677568,-2.41167923595935
8,245,"False","False",-0.626579600448002,-2.61712374155813
8,246,"False","False",-0.640332384120324,-2.61712374155813
8,247,"False","False",-0.654085167792647,-2.61712374155813
8,248,"False","False",-0.654085167792647,-2.61712374155813
8,249,"False","False",-0.667837951464968,-2.79839830532176
8,250,"False","False",-0.68159073513729,-2.79839830532176
8,251,"False","False",-0.695343518809613,-2.79839830532176
8,252,"False","False",-0.695343518809613,-2.84673818899206
8,253,"False","False",-0.709096302481935,-2.84673818899206
8,254,"False","False",-0.722849086154257,-2.84673818899206
8,255,"False","False",-0.722849086154257,-2.84673818899206
8,256,"False","False",-0.736601869826579,-2.94341795633266
8,257,"False","False",-0.736601869826579,-2.94341795633266
8,258,"False","False",-0.750354653498901,-2.94341795633266
8,259,"False","False",-0.764107437171223,-2.94341795633266
8,260,"False","False",-0.777860220843546,-3.06426766550841
8,261,"False","False",-0.777860220843546,-3.06426766550841
8,262,"False","False",-0.805365788188189,-3.06426766550841
8,263,"False","False",-0.805365788188189,-3.06426766550841
8,264,"False","False",-0.819118571860512,-3.16094743284901
8,265,"False","False",-0.832871355532834,-3.16094743284901
8,266,"False","False",-0.832871355532834,-3.16094743284901
8,267,"False","False",-0.846624139205156,-3.16094743284901
8,268,"False","False",-0.860376922877478,-3.23345725835446
8,269,"False","False",-0.8741297065498,-3.23345725835446
8,270,"False","False",-0.887882490222122,-3.23345725835446
8,271,"False","False",-0.887882490222122,-3.23345725835446
8,272,"False","False",-0.901635273894444,-3.34222199661264
8,273,"False","False",-0.915388057566767,-3.34222199661264
8,274,"False","False",-0.929140841239089,-3.34222199661264
8,275,"False","False",-0.929140841239089,-3.34222199661264
8,276,"False","False",-0.94289362491141,-3.42681679303567
8,277,"False","False",-0.956646408583733,-3.42681679303567
8,278,"False","False",-0.970399192256055,-3.42681679303567
8,279,"False","False",-0.984151975928377,-3.42681679303567
8,280,"False","False",-0.984151975928377,-3.45098673487082
8,281,"False","False",-0.9979047596007,-3.45098673487082
8,282,"False","False",-1.01165754327302,-3.45098673487082
8,283,"False","False",-1.02541032694534,-3.45098673487082
8,284,"False","False",-1.03916311061767,-3.58392141496414
8,285,"False","False",-1.03916311061767,-3.58392141496414
8,286,"False","False",-1.05291589428999,-3.58392141496414
8,287,"False","False",-1.06666867796231,-3.58392141496414
8,288,"False","False",-1.06666867796231,-3.54766650221142
8,289,"False","False",-1.08042146163463,-3.54766650221142
8,290,"False","False",-1.09417424530695,-3.54766650221142
8,291,"False","False",-1.09417424530695,-3.54766650221142
8,292,"False","False",-1.06666867796231,-3.66851621138717
8,293,"False","False",-1.01165754327302,-3.66851621138717
8,294,"False","False",-0.9979047596007,-3.66851621138717
8,295,"False","False",-0.9979047596007,-3.66851621138717
8,296,"False","False",-1.01165754327302,-3.64434626955202
8,297,"False","False",-1.01165754327302,-3.64434626955202
8,298,"False","False",-1.01165754327302,-3.64434626955202
8,299,"False","False",-1.01165754327302,-3.64434626955202
8,300,"False","False",-1.01165754327302,-3.47515667670597
8,301,"False","False",-1.01165754327302,-3.47515667670597
8,302,"False","False",-1.01165754327302,-3.47515667670597
8,303,"False","False",-1.01165754327302,-3.47515667670597
8,304,"False","False",-1.01165754327302,-3.17303240376659
8,305,"False","False",-0.956646408583733,-3.17303240376659
8,306,"False","False",-0.832871355532834,-3.17303240376659
8,307,"False","False",-0.750354653498901,-3.17303240376659
8,308,"False","False",-0.709096302481935,-2.76214339256903
8,309,"False","False",-0.695343518809613,-2.76214339256903
8,310,"False","False",-0.667837951464968,-2.76214339256903
8,311,"False","False",-0.640332384120324,-2.76214339256903
8,312,"False","False",-0.61282681677568,-2.54461391605268
8,313,"False","False",-0.571568465758714,-2.54461391605268
8,314,"False","False",-0.585321249431036,-2.54461391605268
8,315,"False","False",-0.599074033103358,-2.54461391605268
8,316,"False","False",-0.61282681677568,-2.3875092941242
8,317,"False","False",-0.571568465758714,-2.3875092941242
8,318,"False","False",-0.544062898414069,-2.3875092941242
8,319,"False","False",-0.516557331069426,-2.3875092941242
8,320,"False","False",-0.489051763724781,-2.18206478852543
8,321,"False","False",-0.461546196380136,-2.18206478852543
8,322,"False","False",-0.447793412707815,-2.18206478852543
8,323,"False","False",-0.489051763724781,-2.18206478852543
8,324,"False","False",-0.544062898414069,-2.08538502118483
8,325,"False","False",-0.585321249431036,-2.08538502118483
8,326,"False","False",-0.61282681677568,-2.08538502118483
8,327,"False","False",-0.640332384120324,-2.08538502118483
8,328,"False","False",-0.667837951464968,-2.02496016659695
8,329,"False","False",-0.68159073513729,-2.02496016659695
8,330,"False","False",-0.695343518809613,-2.02496016659695
8,331,"False","False",-0.709096302481935,-2.02496016659695
8,332,"False","False",-0.722849086154257,-2.20623473036058
8,333,"False","False",-0.736601869826579,-2.20623473036058
8,334,"False","False",-0.750354653498901,-2.20623473036058
8,335,"False","False",-0.764107437171223,-2.20623473036058
8,336,"False","False",-0.777860220843546,-2.49627403238238
8,337,"False","False",-0.777860220843546,-2.49627403238238
8,338,"False","False",-0.791613004515868,-2.49627403238238
8,339,"False","False",-0.805365788188189,-2.49627403238238
8,340,"False","False",-0.819118571860512,-2.49627403238238
8,341,"False","False",-0.819118571860512,-2.49627403238238
8,342,"False","False",-0.832871355532834,-2.49627403238238
8,343,"False","False",-0.846624139205156,-2.49627403238238
8,344,"False","False",-0.860376922877478,-2.49627403238238
8,345,"False","False",-0.860376922877478,-2.49627403238238
8,346,"False","False",-0.887882490222122,-2.49627403238238
8,347,"False","False",-0.887882490222122,-2.49627403238238
8,348,"False","False",-0.901635273894444,-2.93133298541509
8,349,"False","False",-0.901635273894444,-2.93133298541509
8,350,"False","False",-0.915388057566767,-2.93133298541509
8,351,"False","False",-0.929140841239089,-2.93133298541509
8,352,"False","False",-0.94289362491141,-3.06426766550841
8,353,"False","False",-0.956646408583733,-3.06426766550841
8,354,"False","False",-0.970399192256055,-3.06426766550841
8,355,"False","False",-0.970399192256055,-3.06426766550841
8,356,"False","False",-0.984151975928377,-3.14886246193144
8,357,"False","False",-0.9979047596007,-3.14886246193144
8,358,"False","False",-1.01165754327302,-3.14886246193144
8,359,"False","False",-1.01165754327302,-3.14886246193144
8,360,"False","False",-1.02541032694534,-3.22137228743689
8,361,"False","False",-1.03916311061767,-3.22137228743689
8,362,"False","False",-1.05291589428999,-3.22137228743689
8,363,"False","False",-1.06666867796231,-3.22137228743689
8,364,"False","False",-1.06666867796231,-3.29388211294234
8,365,"False","False",-1.08042146163463,-3.29388211294234
8,366,"False","False",-1.09417424530695,-3.29388211294234
8,367,"False","False",-1.10792702897928,-3.29388211294234
8,368,"False","False",-1.10792702897928,-3.41473182211809
8,369,"False","False",-1.1216798126516,-3.41473182211809
8,370,"False","False",-1.1216798126516,-3.41473182211809
8,371,"False","False",-1.13543259632392,-3.41473182211809
8,372,"False","False",-1.14918537999624,-3.34222199661264
8,373,"False","False",-1.16293816366856,-3.34222199661264
8,374,"False","False",-1.16293816366856,-3.34222199661264
8,375,"False","False",-1.17669094734089,-3.34222199661264
8,376,"False","False",-1.19044373101321,-3.24554222927204
8,377,"False","False",-1.20419651468553,-3.24554222927204
8,378,"False","False",-1.20419651468553,-3.24554222927204
8,379,"False","False",-1.20419651468553,-3.24554222927204
8,380,"False","False",-1.21794929835785,-3.08843760734356
8,381,"False","False",-1.23170208203017,-3.08843760734356
8,382,"False","False",-1.23170208203017,-3.08843760734356
8,383,"False","False",-1.2454548657025,-3.08843760734356
8,384,"False","False",-1.2454548657025,-2.95550292725024
8,385,"False","False",-1.25920764937482,-2.95550292725024
8,386,"False","False",-1.27296043304714,-2.95550292725024
8,387,"False","False",-1.27296043304714,-2.95550292725024
8,388,"False","False",-1.28671321671946,-2.90716304357994
8,389,"False","False",-1.30046600039179,-2.90716304357994
8,390,"False","False",-1.30046600039179,-2.90716304357994
8,391,"False","False",-1.31421878406411,-2.90716304357994
8,392,"False","False",-1.31421878406411,-2.84673818899206
8,393,"False","False",-1.31421878406411,-2.84673818899206
8,394,"False","False",-1.32797156773643,-2.84673818899206
8,395,"False","False",-1.32797156773643,-2.84673818899206
8,396,"False","False",-1.32797156773643,-2.87090813082721
8,397,"False","False",-1.34172435140875,-2.87090813082721
8,398,"False","False",-1.34172435140875,-2.87090813082721
8,399,"False","False",-1.34172435140875,-2.87090813082721
8,400,"False","False",-1.34172435140875,-2.87090813082721
8,401,"False","False",-1.35547713508107,-2.87090813082721
8,402,"False","False",NA,NA
8,403,"False","False",-1.35547713508107,-2.87090813082721
8,404,"False","False",-1.35547713508107,-2.81048327623933
8,405,"False","False",NA,NA
8,406,"False","False",-1.34172435140875,-2.81048327623933
8,407,"False","False",-1.34172435140875,-2.81048327623933
8,408,"False","False",-1.34172435140875,-2.66546362522843
8,409,"False","False",-1.28671321671946,-2.66546362522843
8,410,"False","False",-1.25920764937482,-2.66546362522843
8,411,"False","False",-1.23170208203017,-2.66546362522843
8,412,"False","False",-1.19044373101321,-2.42376420687693
8,413,"False","False",-1.16293816366856,-2.42376420687693
8,414,"False","False",-1.13543259632392,-2.42376420687693
8,415,"False","False",-1.10792702897928,-2.42376420687693
8,416,"False","False",-1.06666867796231,-2.42376420687693
8,417,"False","False",-1.02541032694534,-2.42376420687693
8,418,"False","False",-1.01165754327302,-2.42376420687693
8,419,"False","False",-1.03916311061767,-2.42376420687693
8,420,"False","False",-1.09417424530695,-2.06121507934968
8,421,"False","False",-1.1216798126516,-2.06121507934968
8,422,"False","False",-1.14918537999624,-2.06121507934968
8,423,"False","False",-1.16293816366856,-2.06121507934968
8,424,"False","False",-1.19044373101321,-1.98870525384422
8,425,"False","False",-1.20419651468553,-1.98870525384422
8,426,"False","False",-1.20419651468553,-1.98870525384422
8,427,"False","False",-1.21794929835785,-1.98870525384422
8,428,"False","False",-1.21794929835785,-2.0974699921024
8,429,"False","False",-1.21794929835785,-2.0974699921024
8,430,"False","False",-1.23170208203017,-2.0974699921024
8,431,"False","False",-1.23170208203017,-2.0974699921024
8,432,"False","False",-1.2454548657025,-2.27874455586603
8,433,"False","False",-1.2454548657025,-2.27874455586603
8,434,"False","False",-1.2454548657025,-2.27874455586603
8,435,"False","False",-1.25920764937482,-2.27874455586603
8,436,"False","False",-1.25920764937482,-2.27874455586603
8,437,"False","False",-1.25920764937482,-2.27874455586603
8,438,"False","False",-1.25920764937482,-2.49627403238238
8,439,"False","False",-1.27296043304714,-2.49627403238238
8,440,"False","False",-1.28671321671946,-2.49627403238238
8,441,"False","False",-1.28671321671946,-2.49627403238238
8,442,"False","False",-1.28671321671946,-2.49627403238238
8,443,"False","False",-1.28671321671946,-2.49627403238238
8,444,"False","False",-1.30046600039179,-3.08843760734356
8,445,"False","False",-1.30046600039179,-3.08843760734356
8,446,"False","False",-1.31421878406411,-3.08843760734356
8,447,"False","False",-1.31421878406411,-3.08843760734356
8,448,"False","False",-1.31421878406411,-3.35430696753022
8,449,"False","False",-1.32797156773643,-3.35430696753022
8,450,"False","False",-1.34172435140875,-3.35430696753022
8,451,"False","False",-1.34172435140875,-3.35430696753022
8,452,"False","False",-1.35547713508107,-3.40264685120052
8,453,"False","False",-1.35547713508107,-3.40264685120052
8,454,"False","False",-1.3692299187534,-3.40264685120052
8,455,"False","False",-1.3692299187534,-3.40264685120052
8,456,"False","False",-1.3692299187534,-3.43890176395324
8,457,"False","False",-1.38298270242572,-3.43890176395324
8,458,"False","False",-1.38298270242572,-3.43890176395324
8,459,"False","False",-1.39673548609804,-3.43890176395324
8,460,"False","False",-1.39673548609804,-3.46307170578839
8,461,"False","False",-1.41048826977036,-3.46307170578839
8,462,"False","False",-1.41048826977036,-3.46307170578839
8,463,"False","False",-1.42424105344268,-3.46307170578839
8,464,"False","False",-1.42424105344268,-3.30596708385992
8,465,"False","False",-1.42424105344268,-3.30596708385992
8,466,"False","False",-1.43799383711501,-3.30596708385992
8,467,"False","False",-1.43799383711501,-3.30596708385992
8,468,"False","False",-1.45174662078733,-3.25762720018961
8,469,"False","False",-1.45174662078733,-3.25762720018961
8,470,"False","False",-1.46549940445965,-3.25762720018961
8,471,"False","False",-1.46549940445965,-3.25762720018961
8,472,"False","False",-1.47925218813197,-3.41473182211809
8,473,"False","False",-1.47925218813197,-3.41473182211809
8,474,"False","False",-1.49300497180429,-3.41473182211809
8,475,"False","False",-1.49300497180429,-3.41473182211809
8,476,"False","False",-1.49300497180429,-3.40264685120052
8,477,"False","False",-1.50675775547662,-3.40264685120052
8,478,"False","False",-1.50675775547662,-3.40264685120052
8,479,"False","False",-1.52051053914894,-3.40264685120052
8,480,"False","False",-1.52051053914894,-3.26971217110719
8,481,"False","False",-1.52051053914894,-3.26971217110719
8,482,"False","False",-1.53426332282126,-3.26971217110719
8,483,"False","False",-1.47925218813197,-3.26971217110719
8,484,"False","False",-1.42424105344268,-3.12469252009629
8,485,"False","False",-1.35547713508107,-3.12469252009629
8,486,"False","False",-1.31421878406411,-3.12469252009629
8,487,"False","False",-1.32797156773643,-3.12469252009629
8,488,"False","False",-1.32797156773643,-3.06426766550841
8,489,"False","False",-1.34172435140875,-3.06426766550841
8,490,"False","False",-1.34172435140875,-3.06426766550841
8,491,"False","False",-1.34172435140875,-3.06426766550841
8,492,"False","False",-1.34172435140875,-3.04009772367326
8,493,"False","False",-1.34172435140875,-3.04009772367326
8,494,"False","False",-1.35547713508107,-3.04009772367326
8,495,"False","False",-1.34172435140875,-3.04009772367326
8,496,"False","False",-1.31421878406411,-2.88299310174478
8,497,"False","False",-1.25920764937482,-2.88299310174478
8,498,"False","False",-1.19044373101321,-2.88299310174478
8,499,"False","False",-1.13543259632392,-2.88299310174478
8,500,"False","False",-1.09417424530695,-2.61712374155813
8,501,"False","False",-1.03916311061767,-2.61712374155813
8,502,"False","False",-0.9979047596007,-2.61712374155813
8,503,"False","False",-0.956646408583733,-2.61712374155813
8,504,"False","False",-0.915388057566767,-2.30291449770118
8,505,"False","False",-0.8741297065498,-2.30291449770118
8,506,"False","False",-0.819118571860512,-2.30291449770118
8,507,"False","False",-0.777860220843546,-2.30291449770118
8,508,"False","False",-0.736601869826579,-2.1458098757727
8,509,"False","False",-0.709096302481935,-2.1458098757727
8,510,"False","False",-0.667837951464968,-2.1458098757727
8,511,"False","False",-0.626579600448002,-2.1458098757727
8,512,"False","False",-0.585321249431036,-2.71380350889873
8,513,"False","False",-0.571568465758714,-2.71380350889873
8,514,"False","False",-0.530310114741747,-2.71380350889873
8,515,"False","False",-0.502804547397103,-2.71380350889873
8,516,"False","False",-0.489051763724781,-2.66546362522843
8,517,"False","False",-0.447793412707815,-2.66546362522843
8,518,"False","False",-0.42028784536317,-2.66546362522843
8,519,"False","False",-0.392782278018526,-2.66546362522843
8,520,"False","False",-0.379029494346205,-2.58086882880541
8,521,"False","False",-0.365276710673882,-2.58086882880541
8,522,"False","False",-0.337771143329238,-2.58086882880541
8,523,"False","False",-0.337771143329238,-2.58086882880541
8,524,"False","False",-0.324018359656915,-2.54461391605268
8,525,"False","False",-0.324018359656915,-2.54461391605268
8,526,"False","False",-0.324018359656915,-2.54461391605268
8,527,"False","False",-0.310265575984594,-2.54461391605268
8,528,"False","False",-0.296512792312272,-2.56878385788783
8,529,"False","False",-0.269007224967627,-2.56878385788783
8,530,"False","False",-0.269007224967627,-2.56878385788783
8,531,"False","False",-0.255254441295305,-2.56878385788783
8,532,"False","False",-0.241501657622984,-2.56878385788783
8,533,"False","False",-0.227748873950661,-2.50835900329996
8,534,"False","False",-0.227748873950661,-2.50835900329996
8,535,"False","False",-0.213996090278339,-2.50835900329996
8,536,"False","False",-0.200243306606017,-2.50835900329996
8,537,"False","False",-0.200243306606017,-2.41167923595935
8,538,"False","False",-0.186490522933694,-2.41167923595935
8,539,"False","False",-0.172737739261373,-2.41167923595935
8,540,"False","False",-0.200243306606017,-2.36333935228905
8,541,"False","False",-0.200243306606017,-2.36333935228905
8,542,"False","False",-0.172737739261373,-2.36333935228905
8,543,"False","False",-0.131479388244406,-2.36333935228905
8,544,"False","False",-0.0902210372274401,-2.4358491777945
8,545,"False","False",-0.0489626862104732,-2.4358491777945
8,546,"False","False",-0.0214571188658296,-2.4358491777945
8,547,"False","False",0.0060484484788149,-2.4358491777945
8,548,"False","False",0.0335540158234586,-2.62920871247571
8,549,"False","False",0.0610595831681032,-2.62920871247571
8,550,"False","False",0.0748123668404255,-2.62920871247571
8,551,"False","False",0.102317934185069,-2.62920871247571
8,552,"False","False",0.116070717857391,-2.71380350889873
8,553,"False","False",0.143576285202036,-2.71380350889873
8,554,"False","False",0.157329068874358,-2.71380350889873
8,555,"False","False",0.17108185254668,-2.71380350889873
8,556,"False","False",0.198587419891324,-2.78631333440418
8,557,"False","False",0.212340203563647,-2.78631333440418
8,558,"False","False",0.226092987235969,-2.78631333440418
8,559,"False","False",0.23984577090829,-2.78631333440418
8,560,"False","False",0.253598554580612,-2.59295379972298
8,561,"False","False",0.267351338252935,-2.59295379972298
8,562,"False","False",0.281104121925257,-2.59295379972298
8,563,"False","False",0.308609689269901,-2.59295379972298
8,564,"False","False",0.322362472942223,-2.27874455586603
8,565,"False","False",0.349868040286868,-2.27874455586603
8,566,"False","False",0.377373607631511,-2.27874455586603
8,567,"False","False",0.391126391303834,-2.27874455586603
8,568,"False","False",0.404879174976156,-2.2424896431133
8,569,"False","False",0.4323847423208,-2.2424896431133
8,570,"False","False",0.446137525993122,-2.2424896431133
8,571,"False","False",0.459890309665444,-2.2424896431133
8,572,"False","False",0.487395877010089,-2.26665958494845
8,573,"False","False",0.501148660682411,-2.26665958494845
8,574,"False","False",0.528654228027055,-2.26665958494845
8,575,"False","False",0.542407011699377,-2.26665958494845
8,576,"False","False",0.556159795371699,-2.27874455586603
8,577,"False","False",0.569912579044022,-2.27874455586603
8,578,"False","False",0.597418146388665,-2.27874455586603
8,579,"False","False",0.611170930060988,-2.27874455586603
8,580,"False","False",0.62492371373331,-2.4841890614648
8,581,"False","False",0.638676497405632,-2.4841890614648
8,582,"False","False",0.666182064750276,-2.4841890614648
8,583,"False","False",0.666182064750276,-2.4841890614648
8,584,"False","False",0.666182064750276,-2.55669888697026
8,585,"False","False",0.652429281077954,-2.55669888697026
8,586,"False","False",0.666182064750276,-2.55669888697026
8,587,"False","False",0.679934848422598,-2.55669888697026
8,588,"False","False",0.69368763209492,-2.4358491777945
8,589,"False","False",0.707440415767243,-2.4358491777945
8,590,"False","False",0.721193199439564,-2.4358491777945
8,591,"False","False",0.734945983111886,-2.4358491777945
8,592,"False","False",0.748698766784209,-1.94036537017392
8,593,"False","False",0.762451550456531,-1.94036537017392
8,594,"False","False",0.831215468818141,-1.94036537017392
8,595,"False","False",0.899979387179752,-1.94036537017392
8,596,"False","False",0.968743305541363,-1.42071162071819
8,597,"False","False",0.996248872886006,-1.42071162071819
8,598,"False","False",1.02375444023065,-1.42071162071819
8,599,"False","False",1.0512600075753,-1.42071162071819
8,600,"False","False",1.07876557491994,-1.13067231869639
8,601,"False","False",1.10627114226458,-1.13067231869639
8,602,"False","False",1.13377670960923,-1.13067231869639
8,603,"False","False",1.16128227695387,-1.13067231869639
8,604,"False","False",1.18878784429852,-0.961482725850337
8,605,"False","False",1.21629341164316,-0.961482725850337
8,606,"False","False",1.25755176266013,-0.961482725850337
8,607,"False","False",1.28505733000477,-0.961482725850337
8,608,"False","False",1.29881011367709,-0.864802958509736
8,609,"False","False",1.34006846469406,-0.864802958509736
8,610,"False","False",1.3675740320387,-0.864802958509736
8,611,"False","False",1.35382124836638,-0.864802958509736
8,612,"False","False",1.34006846469406,-0.80437810392186
8,613,"False","False",1.32631568102174,-0.80437810392186
8,614,"False","False",1.32631568102174,-0.80437810392186
8,615,"False","False",1.34006846469406,-0.80437810392186
8,616,"False","False",1.34006846469406,-0.792293133004285
8,617,"False","False",1.35382124836638,-0.792293133004285
8,618,"False","False",1.3675740320387,-0.792293133004285
8,619,"False","False",1.3675740320387,-0.792293133004285
8,620,"False","False",1.38132681571102,-0.949397754932762
8,621,"False","False",1.38132681571102,-0.949397754932762
8,622,"False","False",1.39507959938335,-0.949397754932762
8,623,"False","False",1.40883238305567,-0.949397754932762
8,624,"False","False",1.40883238305567,-1.42071162071819
8,625,"False","False",1.40883238305567,-1.42071162071819
8,626,"False","False",1.42258516672799,-1.42071162071819
8,627,"False","False",1.43633795040031,-1.42071162071819
8,628,"False","False",1.43633795040031,-1.42071162071819
8,629,"False","False",1.43633795040031,-1.98870525384422
8,630,"False","False",1.45009073407264,-1.98870525384422
8,631,"False","False",1.45009073407264,-1.98870525384422
8,632,"False","False",1.46384351774496,-1.98870525384422
8,633,"False","False",1.47759630141728,-1.98870525384422
8,634,"False","False",1.47759630141728,-1.98870525384422
8,635,"False","False",1.4913490850896,-1.98870525384422
8,636,"False","False",1.4913490850896,-2.64129368339328
8,637,"False","False",1.50510186876192,-2.64129368339328
8,638,"False","False",1.51885465243425,-2.64129368339328
8,639,"False","False",1.51885465243425,-2.64129368339328
8,640,"False","False",1.53260743610657,-2.90716304357994
8,641,"False","False",1.53260743610657,-2.90716304357994
8,642,"False","False",1.54636021977889,-2.90716304357994
8,643,"False","False",1.54636021977889,-2.90716304357994
8,644,"False","False",1.56011300345121,-3.12469252009629
8,645,"False","False",1.56011300345121,-3.12469252009629
8,646,"False","False",1.57386578712354,-3.12469252009629
8,647,"False","False",1.58761857079586,-3.12469252009629
8,648,"False","False",1.58761857079586,-3.20928731651931
8,649,"False","False",1.58761857079586,-3.20928731651931
8,650,"False","False",1.60137135446818,-3.20928731651931
8,651,"False","False",1.60137135446818,-3.20928731651931
8,652,"False","False",1.60137135446818,-3.33013702569507
8,653,"False","False",1.6151241381405,-3.33013702569507
8,654,"False","False",1.6151241381405,-3.33013702569507
8,655,"False","False",1.6151241381405,-3.33013702569507
8,656,"False","False",1.62887692181282,-3.45098673487082
8,657,"False","False",1.62887692181282,-3.45098673487082
8,658,"False","False",1.62887692181282,-3.45098673487082
8,659,"False","False",1.64262970548515,-3.45098673487082
8,660,"False","False",1.64262970548515,-3.52349656037627
8,661,"False","False",1.64262970548515,-3.52349656037627
8,662,"False","False",1.65638248915747,-3.52349656037627
8,663,"False","False",1.65638248915747,-3.52349656037627
8,664,"False","False",1.65638248915747,-3.51141158945869
8,665,"False","False",1.65638248915747,-3.51141158945869
8,666,"False","False",1.65638248915747,-3.51141158945869
8,667,"False","False",1.65638248915747,-3.51141158945869
8,668,"False","False",1.65638248915747,-3.54766650221142
8,669,"False","False",1.65638248915747,-3.54766650221142
8,670,"False","False",1.67013527282979,-3.54766650221142
8,671,"False","False",1.67013527282979,-3.54766650221142
8,672,"False","False",1.67013527282979,-3.59600638588172
8,673,"False","False",1.67013527282979,-3.59600638588172
8,674,"False","False",1.67013527282979,-3.59600638588172
8,675,"False","False",1.67013527282979,-3.59600638588172
8,676,"False","False",1.67013527282979,-3.65643124046959
8,677,"False","False",1.67013527282979,-3.65643124046959
8,678,"False","False",1.67013527282979,-3.65643124046959
8,679,"False","False",1.67013527282979,-3.65643124046959
8,680,"False","False",NA,NA
8,681,"False","False",1.65638248915747,-3.65643124046959
8,682,"False","False",1.65638248915747,-3.65643124046959
8,683,"False","False",1.64262970548515,-3.65643124046959
8,684,"False","False",1.64262970548515,-3.46307170578839
8,685,"False","False",1.62887692181282,-3.46307170578839
8,686,"False","False",1.62887692181282,-3.46307170578839
8,687,"False","False",1.62887692181282,-3.46307170578839
8,688,"False","False",1.64262970548515,-2.73797345073388
8,689,"False","False",1.65638248915747,-2.73797345073388
8,690,"False","False",1.69764084017443,-2.73797345073388
8,691,"False","False",1.7388991911914,-2.73797345073388
8,692,"False","False",1.78015754220837,-1.69866595182242
8,693,"False","False",1.82141589322533,-1.69866595182242
8,694,"False","False",1.8626742442423,-1.69866595182242
8,695,"False","False",1.87642702791462,-1.69866595182242
8,696,"False","False",1.90393259525927,-0.925227813097612
8,697,"False","False",1.91768537893159,-0.925227813097612
8,698,"False","False",1.93143816260391,-0.925227813097612
8,699,"False","False",1.94519094627623,-0.925227813097612
8,700,"False","False",1.95894372994855,-0.393489092724306
8,701,"False","False",1.97269651362088,-0.393489092724306
8,702,"False","False",2.00020208096552,-0.393489092724306
8,703,"False","False",2.01395486463784,-0.393489092724306
8,704,"False","False",2.04146043198249,-0.0671948779497763
8,705,"False","False",2.04146043198249,-0.0671948779497763
8,706,"False","False",2.00020208096552,-0.0671948779497763
8,707,"False","False",1.95894372994855,-0.0671948779497763
8,708,"False","False",1.91768537893159,-0.0671948779497763
8,709,"False","False",1.87642702791462,-0.0671948779497763
8,710,"False","False",1.83516867689766,-0.0671948779497763
8,711,"False","False",1.80766310955301,-0.0671948779497763
8,712,"False","False",1.78015754220837,-0.429744005477031
8,713,"False","False",1.75265197486372,-0.429744005477031
8,714,"False","False",1.71139362384676,-0.429744005477031
8,715,"False","False",1.69764084017443,-0.429744005477031
8,716,"False","False",1.67013527282979,-0.671443423828534
8,717,"False","False",1.64262970548515,-0.671443423828534
8,718,"False","False",1.6151241381405,-0.671443423828534
8,719,"False","False",1.60137135446818,-0.671443423828534
8,720,"False","False",1.56011300345121,-0.38140412180673
8,721,"False","False",1.54636021977889,-0.38140412180673
8,722,"False","False",1.51885465243425,-0.38140412180673
8,723,"False","False",1.4913490850896,-0.38140412180673
8,724,"False","False",1.47759630141728,-0.38140412180673
8,725,"False","False",1.45009073407264,-0.852717987592161
8,726,"False","False",1.43633795040031,-0.852717987592161
8,727,"False","False",1.40883238305567,-0.852717987592161
8,728,"False","False",1.38132681571102,-0.852717987592161
8,729,"False","False",1.3675740320387,-0.852717987592161
8,730,"False","False",1.34006846469406,-0.852717987592161
8,731,"False","False",1.31256289734941,-0.852717987592161
8,732,"False","False",1.29881011367709,-1.58990121356424
8,733,"False","False",1.27130454633245,-1.58990121356424
8,734,"False","False",1.2437989789878,-1.58990121356424
8,735,"False","False",1.23004619531548,-1.58990121356424
8,736,"False","False",1.20254062797084,-1.89202548650362
8,737,"False","False",1.18878784429852,-1.89202548650362
8,738,"False","False",1.16128227695387,-1.89202548650362
8,739,"False","False",1.14752949328155,-1.89202548650362
8,740,"False","False",1.12002392593691,-2.07330005026725
8,741,"False","False",1.09251835859226,-2.07330005026725
8,742,"False","False",1.07876557491994,-2.07330005026725
8,743,"False","False",1.0512600075753,-2.07330005026725
8,744,"False","False",1.03750722390297,-2.21831970127815
8,745,"False","False",1.01000165655833,-2.21831970127815
8,746,"False","False",0.996248872886006,-2.21831970127815
8,747,"False","False",0.968743305541363,-2.21831970127815
8,748,"False","False",0.95499052186904,-2.35125438137148
8,749,"False","False",0.927484954524396,-2.35125438137148
8,750,"False","False",0.913732170852074,-2.35125438137148
8,751,"False","False",0.88622660350743,-2.35125438137148
8,752,"False","False",0.872473819835107,-2.39959426504178
8,753,"False","False",0.858721036162785,-2.39959426504178
8,754,"False","False",0.831215468818141,-2.39959426504178
8,755,"False","False",0.803709901473497,-2.39959426504178
8,756,"False","False",0.789957117801175,-2.4358491777945
8,757,"False","False",0.776204334128853,-2.4358491777945
8,758,"False","False",0.748698766784209,-2.4358491777945
8,759,"False","False",0.748698766784209,-2.4358491777945
8,760,"False","False",0.721193199439564,-2.55669888697026
8,761,"False","False",0.707440415767243,-2.55669888697026
8,762,"False","False",0.69368763209492,-2.55669888697026
8,763,"False","False",0.666182064750276,-2.55669888697026
8,764,"False","False",0.666182064750276,-2.62920871247571
8,765,"False","False",0.638676497405632,-2.62920871247571
8,766,"False","False",0.62492371373331,-2.62920871247571
8,767,"False","False",0.611170930060988,-2.62920871247571
8,768,"False","False",0.597418146388665,-2.46001911962966
8,769,"False","False",0.583665362716343,-2.46001911962966
8,770,"False","False",0.569912579044022,-2.46001911962966
8,771,"False","False",0.556159795371699,-2.46001911962966
8,772,"False","False",0.542407011699377,-2.30291449770118
8,773,"False","False",0.528654228027055,-2.30291449770118
8,774,"False","False",0.514901444354732,-2.30291449770118
8,775,"False","False",0.501148660682411,-2.30291449770118
8,776,"False","False",0.501148660682411,-2.18206478852543
8,777,"False","False",0.487395877010089,-2.18206478852543
8,778,"False","False",0.473643093337766,-2.18206478852543
8,779,"False","False",0.459890309665444,-2.18206478852543
8,780,"False","False",0.459890309665444,-1.92828039925635
8,781,"False","False",0.446137525993122,-1.92828039925635
8,782,"False","False",0.4323847423208,-1.92828039925635
8,783,"False","False",0.4323847423208,-1.92828039925635
8,784,"False","False",0.418631958648478,-1.58990121356424
8,785,"False","False",0.418631958648478,-1.58990121356424
8,786,"False","False",0.418631958648478,-1.58990121356424
8,787,"False","False",0.418631958648478,-1.58990121356424
8,788,"False","False",0.404879174976156,-1.27569196970729
8,789,"False","False",0.404879174976156,-1.27569196970729
8,790,"False","False",0.404879174976156,-1.27569196970729
8,791,"False","False",0.391126391303834,-1.27569196970729
8,792,"False","False",0.391126391303834,-1.08233243502609
8,793,"False","False",0.391126391303834,-1.08233243502609
8,794,"False","False",0.404879174976156,-1.08233243502609
8,795,"False","False",0.418631958648478,-1.08233243502609
8,796,"False","False",0.404879174976156,-0.719783307498834
8,797,"False","False",0.404879174976156,-0.719783307498834
8,798,"False","False",0.404879174976156,-0.719783307498834
8,799,"False","False",0.404879174976156,-0.719783307498834
8,800,"False","False",0.418631958648478,-0.429744005477031
8,801,"False","False",0.404879174976156,-0.429744005477031
8,802,"False","False",0.404879174976156,-0.429744005477031
8,803,"False","False",0.404879174976156,-0.429744005477031
8,804,"False","False",0.404879174976156,-0.091364819784927
8,805,"False","False",0.404879174976156,-0.091364819784927
8,806,"False","False",0.391126391303834,-0.091364819784927
8,807,"False","False",0.391126391303834,-0.091364819784927
8,808,"False","False",0.377373607631511,0.259099336824753
8,809,"False","False",0.391126391303834,0.259099336824753
8,810,"False","False",0.377373607631511,0.259099336824753
8,811,"False","False",0.377373607631511,0.259099336824753
8,812,"False","False",0.377373607631511,0.271184307742327
8,813,"False","False",0.377373607631511,0.271184307742327
8,814,"False","False",0.377373607631511,0.271184307742327
8,815,"False","False",0.377373607631511,0.271184307742327
8,816,"False","False",0.377373607631511,-0.103449790702501
8,817,"False","False",0.377373607631511,-0.103449790702501
8,818,"False","False",0.36362082395919,-0.103449790702501
8,819,"False","False",0.377373607631511,-0.103449790702501
8,820,"False","False",0.377373607631511,-0.103449790702501
8,821,"False","False",0.36362082395919,-0.345149209054004
8,822,"False","False",0.36362082395919,-0.345149209054004
8,823,"False","False",0.36362082395919,-0.345149209054004
8,824,"False","False",0.36362082395919,-0.345149209054004
8,825,"False","False",0.349868040286868,-0.296809325383704
8,826,"False","False",0.349868040286868,-0.296809325383704
8,827,"False","False",0.349868040286868,-0.296809325383704
8,828,"False","False",0.349868040286868,-0.502253830982482
8,829,"False","False",0.349868040286868,-0.502253830982482
8,830,"False","False",0.336115256614545,-0.502253830982482
8,831,"False","False",0.349868040286868,-0.502253830982482
8,832,"False","False",0.349868040286868,-0.78020816208671
8,833,"False","False",0.336115256614545,-0.78020816208671
8,834,"False","False",0.336115256614545,-0.78020816208671
8,835,"False","False",0.336115256614545,-0.78020816208671
8,836,"False","False",0.336115256614545,-0.913142842180037
8,837,"False","False",0.322362472942223,-0.913142842180037
8,838,"False","False",0.322362472942223,-0.913142842180037
8,839,"False","False",0.322362472942223,-0.913142842180037
8,840,"False","False",0.322362472942223,-0.961482725850337
8,841,"False","False",0.322362472942223,-0.961482725850337
8,842,"False","False",0.322362472942223,-0.961482725850337
8,843,"False","False",0.322362472942223,-0.961482725850337
8,844,"False","False",0.308609689269901,-0.78020816208671
8,845,"False","False",0.322362472942223,-0.78020816208671
8,846,"False","False",0.322362472942223,-0.78020816208671
8,847,"False","False",0.308609689269901,-0.78020816208671
8,848,"False","False",0.308609689269901,-0.80437810392186
8,849,"False","False",0.29485690559758,-0.80437810392186
8,850,"False","False",0.29485690559758,-0.80437810392186
8,851,"False","False",0.29485690559758,-0.80437810392186
8,852,"False","False",0.29485690559758,-0.816463074839436
8,853,"False","False",0.29485690559758,-0.816463074839436
8,854,"False","False",0.29485690559758,-0.816463074839436
8,855,"False","False",0.281104121925257,-0.816463074839436
8,856,"False","False",0.29485690559758,-0.768123191169135
8,857,"False","False",0.281104121925257,-0.768123191169135
8,858,"False","False",0.281104121925257,-0.768123191169135
8,859,"False","False",0.281104121925257,-0.768123191169135
8,860,"False","False",0.281104121925257,-0.78020816208671
8,861,"False","False",0.267351338252935,-0.78020816208671
8,862,"False","False",0.267351338252935,-0.78020816208671
8,863,"False","False",0.267351338252935,-0.78020816208671
8,864,"False","False",0.267351338252935,-0.888972900344886
8,865,"False","False",0.267351338252935,-0.888972900344886
8,866,"False","False",0.253598554580612,-0.888972900344886
8,867,"False","False",0.253598554580612,-0.888972900344886
8,868,"False","False",0.253598554580612,-1.08233243502609
8,869,"False","False",0.253598554580612,-1.08233243502609
8,870,"False","False",0.253598554580612,-1.08233243502609
8,871,"False","False",0.23984577090829,-1.08233243502609
8,872,"False","False",0.253598554580612,-1.17901220236669
8,873,"False","False",0.253598554580612,-1.17901220236669
8,874,"False","False",0.253598554580612,-1.17901220236669
8,875,"False","False",0.253598554580612,-1.17901220236669
8,876,"False","False",0.253598554580612,-1.14275728961396
8,877,"False","False",0.253598554580612,-1.14275728961396
8,878,"False","False",0.253598554580612,-1.14275728961396
8,879,"False","False",0.253598554580612,-1.14275728961396
8,880,"False","False",0.267351338252935,-0.768123191169135
8,881,"False","False",0.267351338252935,-0.768123191169135
8,882,"False","False",0.308609689269901,-0.768123191169135
8,883,"False","False",0.349868040286868,-0.768123191169135
8,884,"False","False",0.377373607631511,-0.200129558043103
8,885,"False","False",0.418631958648478,-0.200129558043103
8,886,"False","False",0.446137525993122,-0.200129558043103
8,887,"False","False",0.459890309665444,-0.200129558043103
8,888,"False","False",0.501148660682411,0.379949046000504
8,889,"False","False",0.528654228027055,0.379949046000504
8,890,"False","False",0.556159795371699,0.379949046000504
8,891,"False","False",0.583665362716343,0.379949046000504
8,892,"False","False",0.611170930060988,0.633733435269582
8,893,"False","False",0.638676497405632,0.633733435269582
8,894,"False","False",0.666182064750276,0.633733435269582
8,895,"False","False",0.666182064750276,0.633733435269582
8,896,"False","False",0.638676497405632,0.585393551599281
8,897,"False","False",0.638676497405632,0.585393551599281
8,898,"False","False",0.62492371373331,0.585393551599281
8,899,"False","False",0.611170930060988,0.585393551599281
8,900,"False","False",0.597418146388665,0.331609162330203
8,901,"False","False",0.583665362716343,0.331609162330203
8,902,"False","False",0.569912579044022,0.331609162330203
8,903,"False","False",0.556159795371699,0.331609162330203
8,904,"False","False",0.556159795371699,-0.0188549942794759
8,905,"False","False",0.542407011699377,-0.0188549942794759
8,906,"False","False",0.542407011699377,-0.0188549942794759
8,907,"False","False",0.528654228027055,-0.0188549942794759
8,908,"False","False",0.528654228027055,-0.35723417997158
8,909,"False","False",0.528654228027055,-0.35723417997158
8,910,"False","False",0.514901444354732,-0.35723417997158
8,911,"False","False",0.514901444354732,-0.35723417997158
8,912,"False","False",0.514901444354732,-0.707698336581259
8,913,"False","False",0.501148660682411,-0.707698336581259
8,914,"False","False",0.501148660682411,-0.707698336581259
8,915,"False","False",0.501148660682411,-0.707698336581259
8,916,"False","False",0.501148660682411,-0.707698336581259
8,917,"False","False",0.487395877010089,-0.997737638603063
8,918,"False","False",0.487395877010089,-0.997737638603063
8,919,"False","False",0.473643093337766,-0.997737638603063
8,920,"False","False",0.473643093337766,-0.997737638603063
8,921,"False","False",0.473643093337766,-1.31194688246002
8,922,"False","False",0.459890309665444,-1.31194688246002
8,923,"False","False",0.459890309665444,-1.31194688246002
8,924,"False","False",0.446137525993122,-1.54156132989394
8,925,"False","False",0.446137525993122,-1.54156132989394
8,926,"False","False",0.4323847423208,-1.54156132989394
8,927,"False","False",0.4323847423208,-1.54156132989394
8,928,"False","False",0.418631958648478,-1.62615612631697
8,929,"False","False",0.418631958648478,-1.62615612631697
8,930,"False","False",0.404879174976156,-1.62615612631697
8,931,"False","False",0.391126391303834,-1.62615612631697
8,932,"False","False",0.391126391303834,-1.9041104574212
8,933,"False","False",0.377373607631511,-1.9041104574212
8,934,"False","False",0.377373607631511,-1.9041104574212
8,935,"False","False",0.36362082395919,-1.9041104574212
8,936,"False","False",0.349868040286868,-2.0974699921024
8,937,"False","False",0.349868040286868,-2.0974699921024
8,938,"False","False",0.336115256614545,-2.0974699921024
8,939,"False","False",0.322362472942223,-2.0974699921024
8,940,"False","False",0.322362472942223,-1.92828039925635
8,941,"False","False",0.322362472942223,-1.92828039925635
8,942,"False","False",0.308609689269901,-1.92828039925635
8,943,"False","False",0.29485690559758,-1.92828039925635
8,944,"False","False",0.281104121925257,-1.92828039925635
8,945,"False","False",0.281104121925257,-2.06121507934968
8,946,"False","False",0.267351338252935,-2.06121507934968
8,947,"False","False",0.267351338252935,-2.06121507934968
8,948,"False","False",0.253598554580612,-1.87994051558605
8,949,"False","False",0.23984577090829,-1.87994051558605
8,950,"False","False",0.23984577090829,-1.87994051558605
8,951,"False","False",0.226092987235969,-1.87994051558605
8,952,"False","False",0.212340203563647,-1.68658098090485
8,953,"False","False",0.212340203563647,-1.68658098090485
8,954,"False","False",0.198587419891324,-1.68658098090485
8,955,"False","False",0.198587419891324,-1.68658098090485
8,956,"False","False",0.184834636219002,-1.73492086457515
8,957,"False","False",0.17108185254668,-1.73492086457515
8,958,"False","False",0.17108185254668,-1.73492086457515
8,959,"False","False",0.17108185254668,-1.73492086457515
8,960,"False","False",0.157329068874358,-1.7590908064103
8,961,"False","False",0.157329068874358,-1.7590908064103
8,962,"False","False",0.129823501529714,-1.7590908064103
8,963,"False","False",0.116070717857391,-1.7590908064103
8,964,"False","False",0.116070717857391,-1.81951566099817
8,965,"False","False",0.116070717857391,-1.81951566099817
8,966,"False","False",0.116070717857391,-1.81951566099817
8,967,"False","False",0.102317934185069,-1.81951566099817
8,968,"False","False",0.102317934185069,-1.9041104574212
8,969,"False","False",0.102317934185069,-1.9041104574212
8,970,"False","False",0.116070717857391,-1.9041104574212
8,971,"False","False",0.17108185254668,-1.9041104574212
8,972,"False","False",0.212340203563647,-1.96453531200907
8,973,"False","False",0.267351338252935,-1.96453531200907
8,974,"False","False",0.336115256614545,-1.96453531200907
8,975,"False","False",0.36362082395919,-1.96453531200907
8,976,"False","False",0.404879174976156,-2.0974699921024
8,977,"False","False",0.446137525993122,-2.0974699921024
8,978,"False","False",0.473643093337766,-2.0974699921024
8,979,"False","False",0.514901444354732,-2.0974699921024
8,980,"False","False",0.528654228027055,-2.07330005026725
8,981,"False","False",0.569912579044022,-2.07330005026725
8,982,"False","False",0.597418146388665,-2.07330005026725
8,983,"False","False",0.611170930060988,-2.07330005026725
8,984,"False","False",0.638676497405632,-2.07330005026725
8,985,"False","False",0.666182064750276,-2.07330005026725
8,986,"False","False",0.69368763209492,-2.07330005026725
8,987,"False","False",0.721193199439564,-2.07330005026725
8,988,"False","False",0.748698766784209,-2.12163993393755
8,989,"False","False",0.762451550456531,-2.12163993393755
8,990,"False","False",0.776204334128853,-2.12163993393755
8,991,"False","False",0.789957117801175,-2.12163993393755
8,992,"False","False",0.803709901473497,-2.18206478852543
8,993,"False","False",0.817462685145819,-2.18206478852543
8,994,"False","False",0.817462685145819,-2.18206478852543
8,995,"False","False",0.831215468818141,-2.18206478852543
8,996,"False","False",0.831215468818141,-2.21831970127815
8,997,"False","False",0.803709901473497,-2.21831970127815
8,998,"False","False",0.789957117801175,-2.21831970127815
8,999,"False","False",0.776204334128853,-2.21831970127815
8,1000,"False","False",0.776204334128853,-2.39959426504178
8,1001,"False","False",0.762451550456531,-2.39959426504178
8,1002,"False","False",0.776204334128853,-2.39959426504178
8,1003,"False","False",0.776204334128853,-2.39959426504178
8,1004,"False","False",0.776204334128853,-2.39959426504178
8,1005,"False","False",0.776204334128853,-2.39959426504178
8,1006,"False","False",0.776204334128853,-2.39959426504178
8,1007,"False","False",0.776204334128853,-2.39959426504178
8,1008,"False","False",0.776204334128853,-2.4358491777945
8,1009,"False","False",0.776204334128853,-2.4358491777945
8,1010,"False","False",0.776204334128853,-2.4358491777945
8,1011,"False","False",0.748698766784209,-2.4358491777945
8,1012,"False","False",0.762451550456531,-2.4358491777945
8,1013,"False","False",0.776204334128853,-2.53252894513511
8,1014,"False","False",0.803709901473497,-2.53252894513511
8,1015,"False","False",0.817462685145819,-2.53252894513511
8,1016,"False","False",0.844968252490464,-2.53252894513511
8,1017,"False","False",0.858721036162785,-2.54461391605268
8,1018,"False","False",0.899979387179752,-2.54461391605268
8,1019,"False","False",0.913732170852074,-2.54461391605268
8,1020,"False","False",0.927484954524396,-2.61712374155813
8,1021,"False","False",0.941237738196718,-2.61712374155813
8,1022,"False","False",0.968743305541363,-2.61712374155813
8,1023,"False","False",0.982496089213685,-2.61712374155813
8,1024,"False","False",0.982496089213685,-2.68963356706358
8,1025,"False","False",0.996248872886006,-2.68963356706358
8,1026,"False","False",0.996248872886006,-2.68963356706358
8,1027,"False","False",1.01000165655833,-2.68963356706358
8,1028,"False","False",1.02375444023065,-2.56878385788783
8,1029,"False","False",1.02375444023065,-2.56878385788783
8,1030,"False","False",1.03750722390297,-2.56878385788783
8,1031,"False","False",1.0512600075753,-2.56878385788783
8,1032,"False","False",1.0512600075753,-2.56878385788783
8,1033,"False","False",1.06501279124762,-2.46001911962966
8,1034,"False","False",1.09251835859226,-2.46001911962966
8,1035,"False","False",1.09251835859226,-2.46001911962966
8,1036,"False","False",1.10627114226458,-2.59295379972298
8,1037,"False","False",1.12002392593691,-2.59295379972298
8,1038,"False","False",1.12002392593691,-2.59295379972298
8,1039,"False","False",1.13377670960923,-2.59295379972298
8,1040,"False","False",1.14752949328155,-2.77422836348661
8,1041,"False","False",1.16128227695387,-2.77422836348661
8,1042,"False","False",1.16128227695387,-2.77422836348661
8,1043,"False","False",1.17503506062619,-2.77422836348661
8,1044,"False","False",1.18878784429852,-2.93133298541509
8,1045,"False","False",1.20254062797084,-2.93133298541509
8,1046,"False","False",1.21629341164316,-2.93133298541509
8,1047,"False","False",1.23004619531548,-2.93133298541509
8,1048,"False","False",1.2437989789878,-3.04009772367326
8,1049,"False","False",1.25755176266013,-3.04009772367326
8,1050,"False","False",1.27130454633245,-3.04009772367326
8,1051,"False","False",1.27130454633245,-3.04009772367326
8,1052,"False","False",1.28505733000477,-3.08843760734356
8,1053,"False","False",1.28505733000477,-3.08843760734356
8,1054,"False","False",1.28505733000477,-3.08843760734356
8,1055,"False","False",1.29881011367709,-3.08843760734356
8,1056,"False","False",1.31256289734941,-3.26971217110719
8,1057,"False","False",1.32631568102174,-3.26971217110719
8,1058,"False","False",1.32631568102174,-3.26971217110719
8,1059,"False","False",1.34006846469406,-3.26971217110719
8,1060,"False","False",1.34006846469406,-3.34222199661264
8,1061,"False","False",1.35382124836638,-3.34222199661264
8,1062,"False","False",1.3675740320387,-3.34222199661264
8,1063,"False","False",1.3675740320387,-3.34222199661264
8,1064,"False","False",1.3675740320387,-3.36639193844779
8,1065,"False","False",1.38132681571102,-3.36639193844779
8,1066,"False","False",1.38132681571102,-3.36639193844779
8,1067,"False","False",1.39507959938335,-3.36639193844779
8,1068,"False","False",1.39507959938335,-3.22137228743689
8,1069,"False","False",1.39507959938335,-3.22137228743689
8,1070,"False","False",1.39507959938335,-3.22137228743689
8,1071,"False","False",1.39507959938335,-3.22137228743689
8,1072,"False","False",1.38132681571102,-2.91924801449751
8,1073,"False","False",1.38132681571102,-2.91924801449751
8,1074,"False","False",1.43633795040031,-2.91924801449751
8,1075,"False","False",1.50510186876192,-2.91924801449751
8,1076,"False","False",1.53260743610657,-2.60503877064056
8,1077,"False","False",1.58761857079586,-2.60503877064056
8,1078,"False","False",1.6151241381405,-2.60503877064056
8,1079,"False","False",1.64262970548515,-2.60503877064056
8,1080,"False","False",1.65638248915747,-2.4358491777945
8,1081,"False","False",1.67013527282979,-2.4358491777945
8,1082,"False","False",1.68388805650211,-2.4358491777945
8,1083,"False","False",1.69764084017443,-2.4358491777945
8,1084,"False","False",1.68388805650211,-2.27874455586603
8,1085,"False","False",1.68388805650211,-2.27874455586603
8,1086,"False","False",1.68388805650211,-2.27874455586603
8,1087,"False","False",1.68388805650211,-2.27874455586603
8,1088,"False","False",1.67013527282979,-2.16997981760785
8,1089,"False","False",1.65638248915747,-2.16997981760785
8,1090,"False","False",1.64262970548515,-2.16997981760785
8,1091,"False","False",1.65638248915747,-2.16997981760785
8,1092,"False","False",1.65638248915747,-2.1458098757727
8,1093,"False","False",1.64262970548515,-2.1458098757727
8,1094,"False","False",1.64262970548515,-2.1458098757727
8,1095,"False","False",1.64262970548515,-2.1458098757727
8,1096,"False","False",1.64262970548515,-2.2424896431133
8,1097,"False","False",1.64262970548515,-2.2424896431133
8,1098,"False","False",1.65638248915747,-2.2424896431133
8,1099,"False","False",1.65638248915747,-2.2424896431133
8,1100,"False","False",1.65638248915747,-2.3875092941242
8,1101,"False","False",1.64262970548515,-2.3875092941242
8,1102,"False","False",1.64262970548515,-2.3875092941242
8,1103,"False","False",1.65638248915747,-2.3875092941242
8,1104,"False","False",1.64262970548515,-2.60503877064056
8,1105,"False","False",1.64262970548515,-2.60503877064056
8,1106,"False","False",1.64262970548515,-2.60503877064056
8,1107,"False","False",1.64262970548515,-2.60503877064056
8,1108,"False","False",1.65638248915747,-2.60503877064056
8,1109,"False","False",1.62887692181282,-2.76214339256903
8,1110,"False","False",1.64262970548515,-2.76214339256903
8,1111,"False","False",1.64262970548515,-2.76214339256903
8,1112,"False","False",1.64262970548515,-2.76214339256903
8,1113,"False","False",1.62887692181282,-2.90716304357994
8,1114,"False","False",1.62887692181282,-2.90716304357994
8,1115,"False","False",1.62887692181282,-2.90716304357994
8,1116,"False","False",1.62887692181282,-2.96758789816781
8,1117,"False","False",1.62887692181282,-2.96758789816781
8,1118,"False","False",1.6151241381405,-2.96758789816781
8,1119,"False","False",1.62887692181282,-2.96758789816781
8,1120,"False","False",1.6151241381405,-3.11260754917871
8,1121,"False","False",1.6151241381405,-3.11260754917871
8,1122,"False","False",1.6151241381405,-3.11260754917871
8,1123,"False","False",1.6151241381405,-3.11260754917871
8,1124,"False","False",1.6151241381405,-3.18511737468416
8,1125,"False","False",1.6151241381405,-3.18511737468416
8,1126,"False","False",1.6151241381405,-3.18511737468416
8,1127,"False","False",1.6151241381405,-3.18511737468416
8,1128,"False","False",1.6151241381405,-3.33013702569507
8,1129,"False","False",1.62887692181282,-3.33013702569507
8,1130,"False","False",1.6151241381405,-3.33013702569507
8,1131,"False","False",1.62887692181282,-3.33013702569507
8,1132,"False","False",1.62887692181282,-3.42681679303567
8,1133,"False","False",1.62887692181282,-3.42681679303567
8,1134,"False","False",1.6151241381405,-3.42681679303567
8,1135,"False","False",1.62887692181282,-3.42681679303567
8,1136,"False","False",1.6151241381405,-3.53558153129384
8,1137,"False","False",1.62887692181282,-3.53558153129384
8,1138,"False","False",1.62887692181282,-3.53558153129384
8,1139,"False","False",1.58761857079586,-3.53558153129384
8,1140,"False","False",1.51885465243425,-3.72894106597505
8,1141,"False","False",1.46384351774496,-3.72894106597505
8,1142,"False","False",1.40883238305567,-3.72894106597505
8,1143,"False","False",1.3675740320387,-3.72894106597505
8,1144,"False","False",1.32631568102174,-3.82562083331565
8,1145,"False","False",1.27130454633245,-3.82562083331565
8,1146,"False","False",1.23004619531548,-3.82562083331565
8,1147,"False","False",1.17503506062619,-3.82562083331565
8,1148,"False","False",1.12002392593691,-3.82562083331565
8,1149,"False","False",1.07876557491994,-3.82562083331565
8,1150,"False","False",1.02375444023065,-3.82562083331565
8,1151,"False","False",0.982496089213685,-3.82562083331565
8,1152,"False","False",0.941237738196718,-3.72894106597505
8,1153,"False","False",0.88622660350743,-3.72894106597505
8,1154,"False","False",0.844968252490464,-3.72894106597505
8,1155,"False","False",0.803709901473497,-3.72894106597505
8,1156,"False","False",0.762451550456531,-3.77728094964535
8,1157,"False","False",0.734945983111886,-3.77728094964535
8,1158,"False","False",0.69368763209492,-3.77728094964535
8,1159,"False","False",0.666182064750276,-3.77728094964535
8,1160,"False","False",0.62492371373331,-3.7531110078102
8,1161,"False","False",0.597418146388665,-3.7531110078102
8,1162,"False","False",0.556159795371699,-3.7531110078102
8,1163,"False","False",0.528654228027055,-3.7531110078102
8,1164,"False","False",0.487395877010089,-3.69268615322232
8,1165,"False","False",0.446137525993122,-3.69268615322232
8,1166,"False","False",0.418631958648478,-3.69268615322232
8,1167,"False","False",0.377373607631511,-3.69268615322232
8,1168,"False","False",0.336115256614545,-3.46307170578839
8,1169,"False","False",0.308609689269901,-3.46307170578839
8,1170,"False","False",0.267351338252935,-3.46307170578839
8,1171,"False","False",0.23984577090829,-3.46307170578839
8,1172,"False","False",0.212340203563647,-3.26971217110719
8,1173,"False","False",0.17108185254668,-3.26971217110719
8,1174,"False","False",0.157329068874358,-3.26971217110719
8,1175,"False","False",0.129823501529714,-3.26971217110719
8,1176,"False","False",0.102317934185069,-3.11260754917871
8,1177,"False","False",0.0748123668404255,-3.11260754917871
8,1178,"False","False",0.0610595831681032,-3.11260754917871
8,1179,"False","False",0.0198012321511372,-3.11260754917871
8,1180,"False","False",0.0060484484788149,-3.06426766550841
8,1181,"False","False",-0.0214571188658296,-3.06426766550841
8,1182,"False","False",-0.0489626862104732,-3.06426766550841
8,1183,"False","False",-0.0764682535551178,-3.06426766550841
8,1184,"False","False",-0.0902210372274401,-3.02801275275569
8,1185,"False","False",-0.117726604572084,-3.02801275275569
8,1186,"False","False",-0.145232171916728,-3.02801275275569
8,1187,"False","False",-0.158984955589051,-3.02801275275569
8,1188,"False","False",-0.186490522933694,-3.19720234560174
8,1189,"False","False",-0.200243306606017,-3.19720234560174
8,1190,"False","False",-0.227748873950661,-3.19720234560174
8,1191,"False","False",-0.241501657622984,-3.19720234560174
8,1192,"False","False",-0.255254441295305,-3.34222199661264
8,1193,"False","False",-0.28276000863995,-3.34222199661264
8,1194,"False","False",-0.310265575984594,-3.34222199661264
8,1195,"False","False",-0.324018359656915,-3.34222199661264
8,1196,"False","False",-0.337771143329238,-3.33013702569507
8,1197,"False","False",-0.365276710673882,-3.33013702569507
8,1198,"False","False",-0.392782278018526,-3.33013702569507
8,1199,"False","False",-0.406535061690848,-3.33013702569507
8,1200,"False","False",-0.434040629035493,-3.31805205477749
8,1201,"False","False",-0.447793412707815,-3.31805205477749
8,1202,"False","False",-0.461546196380136,-3.31805205477749
8,1203,"False","False",-0.489051763724781,-3.31805205477749
8,1204,"False","False",-0.489051763724781,-3.31805205477749
8,1205,"False","False",-0.530310114741747,-3.31805205477749
8,1206,"False","False",-0.544062898414069,-3.34222199661264
8,1207,"False","False",-0.571568465758714,-3.34222199661264
8,1208,"False","False",-0.585321249431036,-3.34222199661264
8,1209,"False","False",-0.61282681677568,-3.34222199661264
8,1210,"False","False",-0.626579600448002,-3.34222199661264
8,1211,"False","False",-0.640332384120324,-3.34222199661264
8,1212,"False","False",-0.654085167792647,-3.39056188028294
8,1213,"False","False",-0.667837951464968,-3.39056188028294
8,1214,"False","False",-0.68159073513729,-3.39056188028294
8,1215,"False","False",-0.709096302481935,-3.39056188028294
8,1216,"False","False",-0.722849086154257,-3.31805205477749
8,1217,"False","False",-0.736601869826579,-3.31805205477749
8,1218,"False","False",-0.750354653498901,-3.31805205477749
8,1219,"False","False",-0.764107437171223,-3.31805205477749
8,1220,"False","False",-0.777860220843546,-3.25762720018961
8,1221,"False","False",-0.791613004515868,-3.25762720018961
8,1222,"False","False",-0.819118571860512,-3.25762720018961
8,1223,"False","False",-0.819118571860512,-3.25762720018961
8,1224,"False","False",-0.832871355532834,-3.22137228743689
8,1225,"False","False",-0.846624139205156,-3.22137228743689
8,1226,"False","False",-0.860376922877478,-3.22137228743689
8,1227,"False","False",-0.8741297065498,-3.22137228743689
8,1228,"False","False",-0.8741297065498,-3.14886246193144
8,1229,"False","False",-0.887882490222122,-3.14886246193144
8,1230,"False","False",-0.915388057566767,-3.14886246193144
8,1231,"False","False",-0.915388057566767,-3.14886246193144
8,1232,"False","False",-0.929140841239089,-3.16094743284901
8,1233,"False","False",-0.94289362491141,-3.16094743284901
8,1234,"False","False",-0.956646408583733,-3.16094743284901
8,1235,"False","False",-0.970399192256055,-3.16094743284901
8,1236,"False","False",-0.9979047596007,-3.14886246193144
8,1237,"False","False",-0.9979047596007,-3.14886246193144
8,1238,"False","False",-1.01165754327302,-3.14886246193144
8,1239,"False","False",-1.02541032694534,-3.14886246193144
8,1240,"False","False",-1.03916311061767,-3.51141158945869
8,1241,"False","False",-1.06666867796231,-3.51141158945869
8,1242,"False","False",-1.08042146163463,-3.51141158945869
8,1243,"False","False",-1.08042146163463,-3.51141158945869
8,1244,"False","False",-1.09417424530695,-3.8014508914805
8,1245,"False","False",-1.10792702897928,-3.8014508914805
8,1246,"False","False",-1.1216798126516,-3.8014508914805
8,1247,"False","False",-1.13543259632392,-3.8014508914805
8,1248,"False","False",-1.13543259632392,-3.8497907751508
8,1249,"False","False",-1.14918537999624,-3.8497907751508
8,1250,"False","False",-1.16293816366856,-3.8497907751508
8,1251,"False","False",-1.17669094734089,-3.8497907751508
8,1252,"False","False",-1.19044373101321,-3.86187574606837
8,1253,"False","False",-1.19044373101321,-3.86187574606837
8,1254,"False","False",-1.20419651468553,-3.86187574606837
8,1255,"False","False",-1.21794929835785,-3.86187574606837
8,1256,"False","False",-1.21794929835785,-3.82562083331565
8,1257,"False","False",-1.23170208203017,-3.82562083331565
8,1258,"False","False",-1.23170208203017,-3.82562083331565
8,1259,"False","False",-1.23170208203017,-3.82562083331565
8,1260,"False","False",-1.23170208203017,-3.76519597872777
8,1261,"False","False",-1.23170208203017,-3.76519597872777
8,1262,"False","False",-1.23170208203017,-3.76519597872777
8,1263,"False","False",-1.23170208203017,-3.76519597872777
8,1264,"False","False",-1.21794929835785,-3.46307170578839
8,1265,"False","False",-1.23170208203017,-3.46307170578839
8,1266,"False","False",-1.21794929835785,-3.46307170578839
8,1267,"False","False",-1.19044373101321,-3.46307170578839
8,1268,"False","False",-1.19044373101321,-3.20928731651931
8,1269,"False","False",-1.20419651468553,-3.20928731651931
8,1270,"False","False",-1.20419651468553,-3.20928731651931
8,1271,"False","False",-1.20419651468553,-3.20928731651931
8,1272,"False","False",-1.21794929835785,-2.89507807266236
8,1273,"False","False",-1.20419651468553,-2.89507807266236
8,1274,"False","False",-1.17669094734089,-2.89507807266236
8,1275,"False","False",-1.16293816366856,-2.89507807266236
8,1276,"False","False",-1.16293816366856,-2.77422836348661
8,1277,"False","False",-1.1216798126516,-2.77422836348661
8,1278,"False","False",-1.10792702897928,-2.77422836348661
8,1279,"False","False",-1.14918537999624,-2.77422836348661
8,1280,"False","False",-1.16293816366856,-2.62920871247571
8,1281,"False","False",-1.17669094734089,-2.62920871247571
8,1282,"False","False",-1.19044373101321,-2.62920871247571
8,1283,"False","False",-1.19044373101321,-2.62920871247571
8,1284,"False","False",-1.20419651468553,-2.50835900329996
8,1285,"False","False",-1.21794929835785,-2.50835900329996
8,1286,"False","False",-1.21794929835785,-2.50835900329996
8,1287,"False","False",-1.23170208203017,-2.50835900329996
8,1288,"False","False",-1.23170208203017,-2.54461391605268
8,1289,"False","False",-1.23170208203017,-2.54461391605268
8,1290,"False","False",-1.23170208203017,-2.54461391605268
8,1291,"False","False",-1.2454548657025,-2.54461391605268
8,1292,"False","False",-1.2454548657025,-2.66546362522843
8,1293,"False","False",-1.25920764937482,-2.66546362522843
8,1294,"False","False",-1.27296043304714,-2.66546362522843
8,1295,"False","False",-1.27296043304714,-2.66546362522843
8,1296,"False","False",-1.27296043304714,-2.70171853798116
8,1297,"False","False",-1.28671321671946,-2.70171853798116
8,1298,"False","False",-1.28671321671946,-2.70171853798116
8,1299,"False","False",-1.30046600039179,-2.70171853798116
8,1300,"False","False",-1.31421878406411,-2.70171853798116
8,1301,"False","False",-1.31421878406411,-3.08843760734356
8,1302,"False","False",-1.32797156773643,-3.08843760734356
8,1303,"False","False",-1.32797156773643,-3.08843760734356
8,1304,"False","False",-1.34172435140875,-3.08843760734356
8,1305,"False","False",-1.34172435140875,-3.08843760734356
8,1306,"False","False",-1.34172435140875,-3.08843760734356
8,1307,"False","False",-1.35547713508107,-3.08843760734356
8,1308,"False","False",-1.3692299187534,-3.57183644404657
8,1309,"False","False",-1.38298270242572,-3.57183644404657
8,1310,"False","False",-1.38298270242572,-3.57183644404657
8,1311,"False","False",-1.38298270242572,-3.57183644404657
8,1312,"False","False",-1.38298270242572,-3.62017632771687
8,1313,"False","False",-1.39673548609804,-3.62017632771687
8,1314,"False","False",-1.41048826977036,-3.62017632771687
8,1315,"False","False",-1.41048826977036,-3.62017632771687
8,1316,"False","False",-1.42424105344268,-3.69268615322232
8,1317,"False","False",-1.42424105344268,-3.69268615322232
8,1318,"False","False",-1.43799383711501,-3.69268615322232
8,1319,"False","False",-1.43799383711501,-3.69268615322232
8,1320,"False","False",-1.43799383711501,-3.83770580423322
8,1321,"False","False",-1.45174662078733,-3.83770580423322
8,1322,"False","False",-1.45174662078733,-3.83770580423322
8,1323,"False","False",-1.47925218813197,-3.83770580423322
8,1324,"False","False",-1.47925218813197,-4.01898036799685
8,1325,"False","False",-1.47925218813197,-4.01898036799685
8,1326,"False","False",-1.49300497180429,-4.01898036799685
8,1327,"False","False",-1.49300497180429,-4.01898036799685
8,1328,"False","False",-1.52051053914894,-4.15191504809018
8,1329,"False","False",-1.52051053914894,-4.15191504809018
8,1330,"False","False",-1.52051053914894,-4.15191504809018
8,1331,"False","False",-1.53426332282126,-4.15191504809018
8,1332,"False","False",-1.53426332282126,-4.30901967001865
8,1333,"False","False",-1.54801610649358,-4.30901967001865
8,1334,"False","False",-1.56176889016591,-4.30901967001865
8,1335,"False","False",-1.57552167383823,-4.30901967001865
8,1336,"False","False",-1.57552167383823,-4.36944452460653
8,1337,"False","False",-1.58927445751055,-4.36944452460653
8,1338,"False","False",-1.60302724118287,-4.36944452460653
8,1339,"False","False",-1.60302724118287,-4.36944452460653
8,1340,"False","False",-1.60302724118287,-4.41778440827683
8,1341,"False","False",-1.61678002485519,-4.41778440827683
8,1342,"False","False",-1.63053280852752,-4.41778440827683
8,1343,"False","False",-1.64428559219984,-4.41778440827683
8,1344,"True","False",-1.64428559219984,-4.043150309832
8,1345,"False","False",-1.65803837587216,-4.043150309832
8,1346,"False","False",-1.67179115954448,-4.043150309832
8,1347,"False","False",NA,NA
8,1348,"False","False",-1.67179115954448,-3.95855551340897
8,1349,"False","False",-1.6855439432168,-3.95855551340897
8,1350,"False","False",-1.6855439432168,-3.95855551340897
8,1351,"False","False",-1.67179115954448,-3.95855551340897
8,1352,"False","False",-1.6855439432168,-3.8014508914805
8,1353,"False","False",-1.6855439432168,-3.8014508914805
8,1354,"False","False",-1.69929672688913,-3.8014508914805
8,1355,"False","False",-1.6855439432168,-3.8014508914805
8,1356,"False","False",-1.69929672688913,-3.66851621138717
8,1357,"False","False",-1.6855439432168,-3.66851621138717
8,1358,"False","False",-1.6855439432168,-3.66851621138717
8,1359,"False","False",-1.6855439432168,-3.66851621138717
8,1360,"False","False",-1.6855439432168,-3.42681679303567
8,1361,"False","False",-1.69929672688913,-3.42681679303567
8,1362,"False","False",-1.6855439432168,-3.42681679303567
8,1363,"False","False",-1.67179115954448,-3.42681679303567
8,1364,"False","False",-1.64428559219984,-3.29388211294234
8,1365,"False","False",NA,NA
8,1366,"False","False",-1.57552167383823,-3.29388211294234
8,1367,"False","False",-1.56176889016591,-3.29388211294234
8,1368,"False","False",-1.50675775547662,-3.06426766550841
8,1369,"False","False",-1.46549940445965,-3.06426766550841
8,1370,"False","False",-1.43799383711501,-3.06426766550841
8,1371,"False","False",-1.39673548609804,-3.06426766550841
8,1372,"False","False",-1.3692299187534,-2.87090813082721
8,1373,"False","False",-1.34172435140875,-2.87090813082721
8,1374,"False","False",-1.28671321671946,-2.87090813082721
8,1375,"False","False",-1.21794929835785,-2.87090813082721
8,1376,"False","False",-1.13543259632392,-2.67754859614601
8,1377,"False","False",-1.13543259632392,-2.67754859614601
8,1378,"False","False",-1.14918537999624,-2.67754859614601
8,1379,"False","False",-1.16293816366856,-2.67754859614601
8,1380,"False","False",-1.19044373101321,-2.53252894513511
8,1381,"False","False",-1.20419651468553,-2.53252894513511
8,1382,"False","False",-1.23170208203017,-2.53252894513511
8,1383,"False","False",-1.2454548657025,-2.53252894513511
8,1384,"False","False",-1.27296043304714,-2.50835900329996
8,1385,"False","False",-1.27296043304714,-2.50835900329996
8,1386,"False","False",-1.28671321671946,-2.50835900329996
8,1387,"False","False",-1.30046600039179,-2.50835900329996
8,1388,"False","False",-1.31421878406411,-2.61712374155813
8,1389,"False","False",-1.32797156773643,-2.61712374155813
8,1390,"False","False",-1.34172435140875,-2.61712374155813
8,1391,"False","False",-1.34172435140875,-2.61712374155813
8,1392,"False","False",-1.35547713508107,-2.61712374155813
